{"cameraMode":{"drawMode":0,"name":"Shaded","section":"Shading Mode"},"sceneLighting":false,"audioPlay":false,"sceneViewState":{"m_AlwaysRefresh":false,"showFog":true,"showSkybox":true,"showFlares":true,"showImageEffects":true,"showParticleSystems":true,"showVisualEffectGraphs":true,"m_FxEnabled":true},"in2DMode":false,"pivot":{"x":-71.7723617553711,"y":30.251522064208986,"z":-14.258350372314454},"rotation":{"x":0.03403972089290619,"y":-0.37786898016929629,"z":0.01399720087647438,"w":0.9252268671989441},"size":1.7561359405517579,"orthographic":false}